{
  "count_bonus": {
    "beta": 3.7203799804160873
  },
  "softmax": {
    "temperature": 4.784567932257322
  },
  "epsilon_greedy": {
    "decay_rate": 0.9965396910316101
  },
  "maxent": {
    "alpha": 1.294262446310653
  },
  "ucb": {
    "c": 1.9164651165895739
  },
  "thompson": {
    "sigma": 0.18264139856247003
  }
}